{
  "Format": "2.3.0",
  "Changes": [
    {
      "Action": "EditData",
      "Target": "Characters/Dialogue/Gus",
      "Entries": {
        "Saloon": "$query PLAYER_HAS_CONVERSATION_TOPIC Current AlphaMeece.ThisRoundsOnMe-BoughtARound#Welcome to the Stardrop Saloon! Can I get you anything?|$y 'Welcome to the Stardrop Saloon! Can I get you anything?_I'd like to buy a round. ({{AlphaMeece.ThisRoundsOnMe/Price}})_Coming right up!*$action AlphaMeece.ThisRoundsOnMe-BuyARound {{AlphaMeece.ThisRoundsOnMe/FriendshipGain}} _Nothing._Just let me know!'",
        "Saloon4": "$query PLAYER_HAS_CONVERSATION_TOPIC Current AlphaMeece.ThisRoundsOnMe-BoughtARound#Hi there, @. Make yourself at home.|$y 'Hi there, @. Make yourself at home._I'd like to buy a round. ({{AlphaMeece.ThisRoundsOnMe/Price}})_Coming right up!*$action AlphaMeece.ThisRoundsOnMe-BuyARound {{AlphaMeece.ThisRoundsOnMe/FriendshipGain}} _Nothing._Just let me know!'",
        "Saloon8": "$query PLAYER_HAS_CONVERSATION_TOPIC Current AlphaMeece.ThisRoundsOnMe-BoughtARound#Hi there @. I'm glad to see you! You're always welcome here.|$y 'Hi there @. I'm glad to see you! You're always welcome here._I'd like to buy a round. ({{AlphaMeece.ThisRoundsOnMe/Price}})_Coming right up!*$action AlphaMeece.ThisRoundsOnMe-BuyARound {{AlphaMeece.ThisRoundsOnMe/FriendshipGain}} _Nothing._Just let me know!'",
        "Saloon_Tue": "$query PLAYER_HAS_CONVERSATION_TOPIC Current AlphaMeece.ThisRoundsOnMe-BoughtARound#Hi! Please relax and enjoy yourself.|$y 'Hi! Please relax and enjoy yourself._I'd like to buy a round. ({{AlphaMeece.ThisRoundsOnMe/Price}})_Coming right up!*$action AlphaMeece.ThisRoundsOnMe-BuyARound {{AlphaMeece.ThisRoundsOnMe/FriendshipGain}} _Nothing._Just let me know!'",
        "Saloon_Thu": "$query PLAYER_HAS_CONVERSATION_TOPIC Current AlphaMeece.ThisRoundsOnMe-BoughtARound#Hey, you look like you could use a beverage.|$y 'Hey, you look like you could use a beverage._I'd like to buy a round. ({{AlphaMeece.ThisRoundsOnMe/Price}})_Coming right up!*$action AlphaMeece.ThisRoundsOnMe-BuyARound {{AlphaMeece.ThisRoundsOnMe/FriendshipGain}} _Nothing._Just let me know!'",
        "Saloon_Fri": "$query PLAYER_HAS_CONVERSATION_TOPIC Current AlphaMeece.ThisRoundsOnMe-BoughtARound#Business has been really good tonight. I'm pleased.|$y 'Business has been really good tonight. I'm pleased._I'd like to buy a round. ({{AlphaMeece.ThisRoundsOnMe/Price}})_Coming right up!*$action AlphaMeece.ThisRoundsOnMe-BuyARound {{AlphaMeece.ThisRoundsOnMe/FriendshipGain}} _Nothing._Just let me know!'"
      },
      "Update": "OnTimeChange"
    }
  ]
}