{
    "Changes": [
        //Base Game Rings
        {
            "Action": "EditData",
            "Target": "Data/Objects",
            "Entries": {
                "AlphaMeece.SkillRings_FishingRing1": {
                    "Name": "AlphaMeece.SkillRings_FishingRing1",
                    "Type": "Ring",
                    "Category": 0,
                    "Price": 1000,
                    "SpriteIndex": 0,
                    "DisplayName": "{{i18n:FishingRing1_Name}}",
                    "Description": "{{i18n:FishingRing1_Description}}",
                    "Texture": "AlphaMeece.SkillRings/Objects",
                    "Edibility": -300,
                    "ContextTags": [
                        "ring_item",
                        "color_blue"
                    ]
                },
                "AlphaMeece.SkillRings_FishingRing2": {
                    "Name": "AlphaMeece.SkillRings_FishingRing2",
                    "Type": "Ring",
                    "Category": 0,
                    "Price": 10000,
                    "SpriteIndex": 1,
                    "DisplayName": "{{i18n:FishingRing2_Name}}",
                    "Description": "{{i18n:FishingRing2_Description}}",
                    "Texture": "AlphaMeece.SkillRings/Objects",
                    "Edibility": -300,
                    "ContextTags": [
                        "ring_item",
                        "color_blue"
                    ]
                },
                "AlphaMeece.SkillRings_FishingRing3": {
                    "Name": "AlphaMeece.SkillRings_FishingRing3",
                    "Type": "Ring",
                    "Category": 0,
                    "Price": 50000,
                    "SpriteIndex": 2,
                    "DisplayName": "{{i18n:FishingRing3_Name}}",
                    "Description": "{{i18n:FishingRing3_Description}}",
                    "Texture": "AlphaMeece.SkillRings/Objects",
                    "Edibility": -300,
                    "ContextTags": [
                        "ring_item",
                        "color_blue"
                    ]
                },
                "AlphaMeece.SkillRings_FishingRingB": {
                    "Name": "AlphaMeece.SkillRings_FishingRingB",
                    "Type": "Ring",
                    "Category": 0,
                    "Price": 0,
                    "SpriteIndex": 3,
                    "DisplayName": "{{i18n:FishingRingB_Name}}",
                    "Description": "{{i18n:FishingRingB_Description}}",
                    "Texture": "AlphaMeece.SkillRings/Objects",
                    "Edibility": -300,
                    "ContextTags": [
                        "ring_item",
                        "color_blue"
                    ]
                },
                "AlphaMeece.SkillRings_FarmingRing1": {
                    "Name": "AlphaMeece.SkillRings_FarmingRing1",
                    "Type": "Ring",
                    "Category": 0,
                    "Price": 1000,
                    "SpriteIndex": 4,
                    "DisplayName": "{{i18n:FarmingRing1_Name}}",
                    "Description": "{{i18n:FarmingRing1_Description}}",
                    "Texture": "AlphaMeece.SkillRings/Objects",
                    "Edibility": -300,
                    "ContextTags": [
                        "ring_item",
                        "color_green"
                    ]
                },
                "AlphaMeece.SkillRings_FarmingRing2": {
                    "Name": "AlphaMeece.SkillRings_FarmingRing2",
                    "Type": "Ring",
                    "Category": 0,
                    "Price": 10000,
                    "SpriteIndex": 5,
                    "DisplayName": "{{i18n:FarmingRing2_Name}}",
                    "Description": "{{i18n:FarmingRing2_Description}}",
                    "Texture": "AlphaMeece.SkillRings/Objects",
                    "Edibility": -300,
                    "ContextTags": [
                        "ring_item",
                        "color_green"
                    ]
                },
                "AlphaMeece.SkillRings_FarmingRing3": {
                    "Name": "AlphaMeece.SkillRings_FarmingRing3",
                    "Type": "Ring",
                    "Category": 0,
                    "Price": 50000,
                    "SpriteIndex": 6,
                    "DisplayName": "{{i18n:FarmingRing3_Name}}",
                    "Description": "{{i18n:FarmingRing3_Description}}",
                    "Texture": "AlphaMeece.SkillRings/Objects",
                    "Edibility": -300,
                    "ContextTags": [
                        "ring_item",
                        "color_green"
                    ]
                },
                "AlphaMeece.SkillRings_FarmingRingB": {
                    "Name": "AlphaMeece.SkillRings_FarmingRingB",
                    "Type": "Ring",
                    "Category": 0,
                    "Price": 0,
                    "SpriteIndex": 7,
                    "DisplayName": "{{i18n:FarmingRingB_Name}}",
                    "Description": "{{i18n:FarmingRingB_Description}}",
                    "Texture": "AlphaMeece.SkillRings/Objects",
                    "Edibility": -300,
                    "ContextTags": [
                        "ring_item",
                        "color_green"
                    ]
                },
                "AlphaMeece.SkillRings_ForagingRing1": {
                    "Name": "AlphaMeece.SkillRings_ForagingRing1",
                    "Type": "Ring",
                    "Category": 0,
                    "Price": 1000,
                    "SpriteIndex": 8,
                    "DisplayName": "{{i18n:ForagingRing1_Name}}",
                    "Description": "{{i18n:ForagingRing1_Description}}",
                    "Texture": "AlphaMeece.SkillRings/Objects",
                    "Edibility": -300,
                    "ContextTags": [
                        "ring_item",
                        "color_orange"
                    ]
                },
                "AlphaMeece.SkillRings_ForagingRing2": {
                    "Name": "AlphaMeece.SkillRings_ForagingRing2",
                    "Type": "Ring",
                    "Category": 0,
                    "Price": 10000,
                    "SpriteIndex": 9,
                    "DisplayName": "{{i18n:ForagingRing2_Name}}",
                    "Description": "{{i18n:ForagingRing2_Description}}",
                    "Texture": "AlphaMeece.SkillRings/Objects",
                    "Edibility": -300,
                    "ContextTags": [
                        "ring_item",
                        "color_orange"
                    ]
                },
                "AlphaMeece.SkillRings_ForagingRing3": {
                    "Name": "AlphaMeece.SkillRings_ForagingRing3",
                    "Type": "Ring",
                    "Category": 0,
                    "Price": 50000,
                    "SpriteIndex": 10,
                    "DisplayName": "{{i18n:ForagingRing3_Name}}",
                    "Description": "{{i18n:ForagingRing3_Description}}",
                    "Texture": "AlphaMeece.SkillRings/Objects",
                    "Edibility": -300,
                    "ContextTags": [
                        "ring_item",
                        "color_orange"
                    ]
                },
                "AlphaMeece.SkillRings_ForagingRingB": {
                    "Name": "AlphaMeece.SkillRings_ForagingRingB",
                    "Type": "Ring",
                    "Category": 0,
                    "Price": 0,
                    "SpriteIndex": 11,
                    "DisplayName": "{{i18n:ForagingRingB_Name}}",
                    "Description": "{{i18n:ForagingRingB_Description}}",
                    "Texture": "AlphaMeece.SkillRings/Objects",
                    "Edibility": -300,
                    "ContextTags": [
                        "ring_item",
                        "color_orange"
                    ]
                },
                "AlphaMeece.SkillRings_MiningRing1": {
                    "Name": "AlphaMeece.SkillRings_MiningRing1",
                    "Type": "Ring",
                    "Category": 0,
                    "Price": 1000,
                    "SpriteIndex": 12,
                    "DisplayName": "{{i18n:MiningRing1_Name}}",
                    "Description": "{{i18n:MiningRing1_Description}}",
                    "Texture": "AlphaMeece.SkillRings/Objects",
                    "Edibility": -300,
                    "ContextTags": [
                        "ring_item",
                        "color_gray"
                    ]
                },
                "AlphaMeece.SkillRings_MiningRing2": {
                    "Name": "AlphaMeece.SkillRings_MiningRing2",
                    "Type": "Ring",
                    "Category": 0,
                    "Price": 10000,
                    "SpriteIndex": 13,
                    "DisplayName": "{{i18n:MiningRing2_Name}}",
                    "Description": "{{i18n:MiningRing2_Description}}",
                    "Texture": "AlphaMeece.SkillRings/Objects",
                    "Edibility": -300,
                    "ContextTags": [
                        "ring_item",
                        "color_gray"
                    ]
                },
                "AlphaMeece.SkillRings_MiningRing3": {
                    "Name": "AlphaMeece.SkillRings_MiningRing3",
                    "Type": "Ring",
                    "Category": 0,
                    "Price": 50000,
                    "SpriteIndex": 14,
                    "DisplayName": "{{i18n:MiningRing3_Name}}",
                    "Description": "{{i18n:MiningRing3_Description}}",
                    "Texture": "AlphaMeece.SkillRings/Objects",
                    "Edibility": -300,
                    "ContextTags": [
                        "ring_item",
                        "color_gray"
                    ]
                },
                "AlphaMeece.SkillRings_MiningRingB": {
                    "Name": "AlphaMeece.SkillRings_MiningRingB",
                    "Type": "Ring",
                    "Category": 0,
                    "Price": 0,
                    "SpriteIndex": 15,
                    "DisplayName": "{{i18n:MiningRingB_Name}}",
                    "Description": "{{i18n:MiningRingB_Description}}",
                    "Texture": "AlphaMeece.SkillRings/Objects",
                    "Edibility": -300,
                    "ContextTags": [
                        "ring_item",
                        "color_gray"
                    ]
                },
                "AlphaMeece.SkillRings_CombatRing1": {
                    "Name": "AlphaMeece.SkillRings_CombatRing1",
                    "Type": "Ring",
                    "Category": 0,
                    "Price": 1000,
                    "SpriteIndex": 16,
                    "DisplayName": "{{i18n:CombatRing1_Name}}",
                    "Description": "{{i18n:CombatRing1_Description}}",
                    "Texture": "AlphaMeece.SkillRings/Objects",
                    "Edibility": -300,
                    "ContextTags": [
                        "ring_item",
                        "color_red"
                    ]
                },
                "AlphaMeece.SkillRings_CombatRing2": {
                    "Name": "AlphaMeece.SkillRings_CombatRing2",
                    "Type": "Ring",
                    "Category": 0,
                    "Price": 10000,
                    "SpriteIndex": 17,
                    "DisplayName": "{{i18n:CombatRing2_Name}}",
                    "Description": "{{i18n:CombatRing2_Description}}",
                    "Texture": "AlphaMeece.SkillRings/Objects",
                    "Edibility": -300,
                    "ContextTags": [
                        "ring_item",
                        "color_red"
                    ]
                },
                "AlphaMeece.SkillRings_CombatRing3": {
                    "Name": "AlphaMeece.SkillRings_CombatRing3",
                    "Type": "Ring",
                    "Category": 0,
                    "Price": 50000,
                    "SpriteIndex": 18,
                    "DisplayName": "{{i18n:CombatRing3_Name}}",
                    "Description": "{{i18n:CombatRing3_Description}}",
                    "Texture": "AlphaMeece.SkillRings/Objects",
                    "Edibility": -300,
                    "ContextTags": [
                        "ring_item",
                        "color_red"
                    ]
                },
                "AlphaMeece.SkillRings_CombatRingB": {
                    "Name": "AlphaMeece.SkillRings_CombatRingB",
                    "Type": "Ring",
                    "Category": 0,
                    "Price": 0,
                    "SpriteIndex": 19,
                    "DisplayName": "{{i18n:CombatRingB_Name}}",
                    "Description": "{{i18n:CombatRingB_Description}}",
                    "Texture": "AlphaMeece.SkillRings/Objects",
                    "Edibility": -300,
                    "ContextTags": [
                        "ring_item",
                        "color_red"
                    ]
                },
                "AlphaMeece.SkillRings_ExperienceRing1": {
                    "Name": "AlphaMeece.SkillRings_ExperienceRing1",
                    "Type": "Ring",
                    "Category": 0,
                    "Price": 1000,
                    "SpriteIndex": 20,
                    "DisplayName": "{{i18n:ExperienceRing1_Name}}",
                    "Description": "{{i18n:ExperienceRing1_Description}}",
                    "Texture": "AlphaMeece.SkillRings/Objects",
                    "Edibility": -300,
                    "ContextTags": [
                        "ring_item",
                        "color_purple"
                    ]
                },
                "AlphaMeece.SkillRings_ExperienceRing2": {
                    "Name": "AlphaMeece.SkillRings_ExperienceRing2",
                    "Type": "Ring",
                    "Category": 0,
                    "Price": 10000,
                    "SpriteIndex": 21,
                    "DisplayName": "{{i18n:ExperienceRing2_Name}}",
                    "Description": "{{i18n:ExperienceRing2_Description}}",
                    "Texture": "AlphaMeece.SkillRings/Objects",
                    "Edibility": -300,
                    "ContextTags": [
                        "ring_item",
                        "color_purple"
                    ]
                },
                "AlphaMeece.SkillRings_ExperienceRing3": {
                    "Name": "AlphaMeece.SkillRings_ExperienceRing3",
                    "Type": "Ring",
                    "Category": 0,
                    "Price": 50000,
                    "SpriteIndex": 22,
                    "DisplayName": "{{i18n:ExperienceRing3_Name}}",
                    "Description": "{{i18n:ExperienceRing3_Description}}",
                    "Texture": "AlphaMeece.SkillRings/Objects",
                    "Edibility": -300,
                    "ContextTags": [
                        "ring_item",
                        "color_purple"
                    ]
                },
                "AlphaMeece.SkillRings_ExperienceRingB": {
                    "Name": "AlphaMeece.SkillRings_ExperienceRingB",
                    "Type": "Ring",
                    "Category": 0,
                    "Price": 0,
                    "SpriteIndex": 23,
                    "DisplayName": "{{i18n:ExperienceRingB_Name}}",
                    "Description": "{{i18n:ExperienceRingB_Description}}",
                    "Texture": "AlphaMeece.SkillRings/Objects",
                    "Edibility": -300,
                    "ContextTags": [
                        "ring_item",
                        "color_purple"
                    ]
                }
            }
        },
        //Luck Rings
        {
            "Action": "EditData",
            "Target": "Data/Objects",
            "When": {
                "HasMod": "spacechase0.LuckSkill"
            },
            "Entries": {
                "AlphaMeece.SkillRings_LuckRing1": {
                    "Name": "AlphaMeece.SkillRings_LuckRing1",
                    "Type": "Ring",
                    "Category": 0,
                    "Price": 1000,
                    "SpriteIndex": 24,
                    "DisplayName": "{{i18n:LuckRing1_Name}}",
                    "Description": "{{i18n:LuckRing1_Description}}",
                    "Texture": "AlphaMeece.SkillRings/Objects",
                    "Edibility": -300,
                    "ContextTags": [
                        "ring_item",
                        "color_yellow"
                    ]
                },
                "AlphaMeece.SkillRings_LuckRing2": {
                    "Name": "AlphaMeece.SkillRings_LuckRing2",
                    "Type": "Ring",
                    "Category": 0,
                    "Price": 1000,
                    "SpriteIndex": 25,
                    "DisplayName": "{{i18n:LuckRing2_Name}}",
                    "Description": "{{i18n:LuckRing2_Description}}",
                    "Texture": "AlphaMeece.SkillRings/Objects",
                    "Edibility": -300,
                    "ContextTags": [
                        "ring_item",
                        "color_yellow"
                    ]
                },
                "AlphaMeece.SkillRings_LuckRing3": {
                    "Name": "AlphaMeece.SkillRings_LuckRing3",
                    "Type": "Ring",
                    "Category": 0,
                    "Price": 1000,
                    "SpriteIndex": 26,
                    "DisplayName": "{{i18n:LuckRing3_Name}}",
                    "Description": "{{i18n:LuckRing3_Description}}",
                    "Texture": "AlphaMeece.SkillRings/Objects",
                    "Edibility": -300,
                    "ContextTags": [
                        "ring_item",
                        "color_yellow"
                    ]
                }
            }
        }
    ]
}